{"baseline hazard": {"1.0": 0.0019580817156936263, "2.0": 0.001963879440321408, "3.0": 0.001965271734339483, "4.0": 0.0019692430646126705, "5.0": 0.0019754495854628364, "6.0": 0.001983683477990358, "7.0": 0.00199462329765073, "8.0": 0.00998968307231032, "9.0": 0.004052641986356949, "10.0": 0.002032059184125721, "11.0": 0.004103373725291205, "12.0": 0.00418489500012252, "13.0": 0.0020973266759653853, "14.0": 0.0063185532615516295, "15.0": 0.004267267858409205, "16.0": 0.004291875578812036, "17.0": 0.006459909083103505, "18.0": 0.006573965859336198, "19.0": 0.004432222486335475, "20.0": 0.01116091807982639, "21.0": 0.004513230437103237, "22.0": 0.002266252253519885, "23.0": 0.0022791964059268735, "24.0": 0.009128850299786793, "25.0": 0.006901523902200854, "26.0": 0.007053976349092075, "27.0": 0.004731770313380664, "28.0": 0.0047580619216493515, "30.0": 0.004805623773655029, "31.0": 0.002419299096470763, "32.0": 0.0048620694553501605, "33.0": 0.004896997510389435, "34.0": 0.004966402553271986, "35.0": 0.010018351434465651, "36.0": 0.007608433099634961, "37.0": 0.010244068754351401, "38.0": 0.002595540829427537, "39.0": 0.005212325879470725, "40.0": 0.01047394332628684, "42.0": 0.005329354782621634, "43.0": 0.01069572172099268, "44.0": 0.005426389129437966, "45.0": 0.0054670070186207615, "46.0": 0.011055407364354453, "47.0": 0.0027937663128530525, "48.0": 0.005613010258878731, "49.0": 0.014172070574042316, "50.0": 0.008623362648895202, "52.0": 0.01168591386802777}, "parameters": {"fin": -0.37942216476937213, "age": -0.05743772442895678, "race": 0.31389977688873233, "wexp": -0.14979572307182687, "mar": -0.43370385319887034, "paro": -0.0848710735049427, "prio": 0.09149708094199713}, "mean": {"fin": 0.5, "age": 24.59722222222222, "race": 0.8773148148148148, "wexp": 0.5717592592592593, "mar": 0.12268518518518519, "paro": 0.6180555555555556, "prio": 2.9837962962962963}}